"","sm","pow"
"1",19,19.5566548207647
"2",20,37.9051404868083
"3",21,19.5566548207647
