"","s","pow","std"
"1",1,515.503225806452,499.76197417739
"2",2,759.246153846154,425.988773399736
"3",3,848.2,357.786799560009
"4",4,901.602409638554,295.951872313439
"5",5,975.931297709924,150.0794246565
"6",6,989.46,100.195407060202
"7",7,997.905882352941,9.51017441306661
"8",8,996.288288288288,9.7238108760145
"9",9,997.264957264957,10.0810450012448
"10",10,998.220183486239,8.44191241077555
"11",11,996.416666666667,10.2908461824825
