"","sm","pow"
"1",16,3935.01764705882
"2",17,3935.24193548387
"3",18,3935.70588235294
"4",19,3937.58441558442
"5",20,3933.14285714286
